{"val_loss": [0.0002531336904377754], "val_mean_squared_error": [0.0002531336904377754], "val_mean_absolute_error": [0.013172728009521961], "val_mean_absolute_percentage_error": [448810.3464776191], "val_cosine_proximity": [-0.9677419201020272], "val_acc": [0.03225806451612903], "loss": [0.00734461053081533], "mean_squared_error": [0.00734461053081533], "mean_absolute_error": [0.06294295381049853], "mean_absolute_percentage_error": [21.206116114559308], "cosine_proximity": [-0.9999999829240748], "acc": [0.0]}