{"val_loss": [0.0008312841728404178], "val_mean_squared_error": [0.0008312841728404178], "val_mean_absolute_error": [0.022747968473742084], "val_mean_absolute_percentage_error": [4.055548031483927], "val_cosine_proximity": [-0.999999996154539], "val_acc": [0.0], "loss": [0.006402820650466315], "mean_squared_error": [0.006402820650466315], "mean_absolute_error": [0.052840610935881334], "mean_absolute_percentage_error": [9.699170974694898], "cosine_proximity": [-0.99999999113985], "acc": [0.002702702702702703]}