{"val_loss": [0.00023153994202256136], "val_mean_squared_error": [0.00023153994202256136], "val_mean_absolute_error": [0.012731688067076667], "val_mean_absolute_percentage_error": [1108552.8821120954], "val_cosine_proximity": [-0.9677419181792967], "val_acc": [0.03225806451612903], "loss": [0.008106968629006037], "mean_squared_error": [0.008106968629006037], "mean_absolute_error": [0.06526242637553731], "mean_absolute_percentage_error": [21.73082436102669], "cosine_proximity": [-0.9999999805076702], "acc": [0.0]}