{"val_loss": [0.0008375469830318096], "val_mean_squared_error": [0.0008375469830318096], "val_mean_absolute_error": [0.02223128482197108], "val_mean_absolute_percentage_error": [2.6222524070032707], "val_cosine_proximity": [-0.9999999743275875], "val_acc": [0.003745318352059925], "loss": [0.000887615578041299], "mean_squared_error": [0.000887615578041299], "mean_absolute_error": [0.018425113330947734], "mean_absolute_percentage_error": [8.534372687101662], "cosine_proximity": [-0.9993918961977009], "acc": [0.0]}