{"val_loss": [0.02377999296241298], "val_mean_squared_error": [0.02377999296241298], "val_mean_absolute_error": [0.112427320819669], "val_mean_absolute_percentage_error": [2081010.5814601188], "val_cosine_proximity": [-0.99625467070926], "val_acc": [0.003745318352059925], "loss": [0.003157723059073481], "mean_squared_error": [0.003157723059073481], "mean_absolute_error": [0.040108209315604736], "mean_absolute_percentage_error": [7.561447150971536], "cosine_proximity": [-0.9993919049327081], "acc": [0.0]}