{"val_loss": [0.0010801468419342508], "val_mean_squared_error": [0.0010801468419342508], "val_mean_absolute_error": [0.02725864840803968], "val_mean_absolute_percentage_error": [3.1182070713968115], "val_cosine_proximity": [-0.9999999761134944], "val_acc": [0.003745318352059925], "loss": [0.0008351220087824593], "mean_squared_error": [0.0008351220087824593], "mean_absolute_error": [0.01819728613953146], "mean_absolute_percentage_error": [8.557752057707843], "cosine_proximity": [-0.9993918954003144], "acc": [0.0]}