{"val_loss": [0.0005699209653936006], "val_mean_squared_error": [0.0005699209653936006], "val_mean_absolute_error": [0.019129728395622093], "val_mean_absolute_percentage_error": [3.104619549985949], "val_cosine_proximity": [-0.9999999803262991], "val_acc": [0.0013986013986013986], "loss": [0.00037708931306949323], "mean_squared_error": [0.00037708931306949323], "mean_absolute_error": [0.008079243926003463], "mean_absolute_percentage_error": [165.5736911969366], "cosine_proximity": [-0.7565207402298958], "acc": [0.00011340440009072352]}