{"val_loss": [0.01002088061320386], "val_mean_squared_error": [0.01002088061320386], "val_mean_absolute_error": [0.06737823653054405], "val_mean_absolute_percentage_error": [720758.2742926653], "val_cosine_proximity": [-0.9986013902650847], "val_acc": [0.0013986013986013986], "loss": [0.0010880919679396978], "mean_squared_error": [0.0010880919679396978], "mean_absolute_error": [0.01887143132745557], "mean_absolute_percentage_error": [3.8575678462215293], "cosine_proximity": [-0.999773183737409], "acc": [0.0]}