{"val_loss": [0.005437206690041128], "val_mean_squared_error": [0.005437206690041128], "val_mean_absolute_error": [0.06311679640849988], "val_mean_absolute_percentage_error": [8.947174758552672], "val_cosine_proximity": [-0.999999982076925], "val_acc": [0.0013986013986013986], "loss": [0.00033123560750991795], "mean_squared_error": [0.00033123560750991795], "mean_absolute_error": [0.008266572354900624], "mean_absolute_percentage_error": [304.4534651488042], "cosine_proximity": [-0.755386695904536], "acc": [0.00011340440009072352]}