{"val_loss": [0.0017913278219745994], "val_mean_squared_error": [0.0017913278219745994], "val_mean_absolute_error": [0.0354087831507815], "val_mean_absolute_percentage_error": [5.6393837781036895], "val_cosine_proximity": [-0.9999999817055051], "val_acc": [0.0024752475247524753], "loss": [0.0002923447692005609], "mean_squared_error": [0.0002923447692005609], "mean_absolute_error": [0.008875316240083985], "mean_absolute_percentage_error": [53.14548722233021], "cosine_proximity": [-0.9212535001298614], "acc": [0.0]}