{"val_loss": [0.013844442846943838], "val_mean_squared_error": [0.013844442846943838], "val_mean_absolute_error": [0.07835930799788768], "val_mean_absolute_percentage_error": [1341081.2610486709], "val_cosine_proximity": [-0.9975247440656813], "val_acc": [0.0024752475247524753], "loss": [0.000713015857786898], "mean_squared_error": [0.000713015857786898], "mean_absolute_error": [0.016534583217267196], "mean_absolute_percentage_error": [3.060304334645411], "cosine_proximity": [-0.9999999949351618], "acc": [0.0]}