{"val_loss": [0.003175260402393341], "val_mean_squared_error": [0.003175260402393341], "val_mean_absolute_error": [0.04607548195831847], "val_mean_absolute_percentage_error": [6.075854910044276], "val_cosine_proximity": [-0.9999999793449251], "val_acc": [0.0024752475247524753], "loss": [0.0003412111858424787], "mean_squared_error": [0.0003412111858424787], "mean_absolute_error": [0.009861398261363315], "mean_absolute_percentage_error": [54.09540146900219], "cosine_proximity": [-0.9136199132176755], "acc": [0.0]}