{"val_loss": [0.00018915985689447825], "val_mean_squared_error": [0.00018915985689447825], "val_mean_absolute_error": [0.01095563874809773], "val_mean_absolute_percentage_error": [1.6099844743072829], "val_cosine_proximity": [-0.9999999815186897], "val_acc": [0.0016233766233766235], "loss": [0.0002552359887148371], "mean_squared_error": [0.0002552359887148371], "mean_absolute_error": [0.010434967028410983], "mean_absolute_percentage_error": [117.54342700941302], "cosine_proximity": [-0.8897476930355749], "acc": [0.0]}