{"val_loss": [0.008804691731807302], "val_mean_squared_error": [0.008804691731807302], "val_mean_absolute_error": [0.0594194195680804], "val_mean_absolute_percentage_error": [869089.6009800511], "val_cosine_proximity": [-0.9983766167968898], "val_acc": [0.0016233766233766235], "loss": [0.0017882781153021965], "mean_squared_error": [0.0017882781153021965], "mean_absolute_error": [0.028455292293752835], "mean_absolute_percentage_error": [5.462411066906539], "cosine_proximity": [-0.9999999941431684], "acc": [0.0]}