{"val_loss": [0.0004927752932277474], "val_mean_squared_error": [0.0004927752932277474], "val_mean_absolute_error": [0.015515781406845366], "val_mean_absolute_percentage_error": [1.9204005904591344], "val_cosine_proximity": [-0.9999999843247525], "val_acc": [0.0016233766233766235], "loss": [0.00027075037431298756], "mean_squared_error": [0.00027075037431298756], "mean_absolute_error": [0.010649416377376507], "mean_absolute_percentage_error": [128.01311722178502], "cosine_proximity": [-0.8956796457506206], "acc": [0.0]}