{"val_loss": [0.0025061296082918823], "val_mean_squared_error": [0.0025061296082918823], "val_mean_absolute_error": [0.0390976352139938], "val_mean_absolute_percentage_error": [5.520933687548376], "val_cosine_proximity": [-0.9999999822663866], "val_acc": [0.008264462809917356], "loss": [0.00232608930956052], "mean_squared_error": [0.00232608930956052], "mean_absolute_error": [0.029831847848228742], "mean_absolute_percentage_error": [17963.95500853904], "cosine_proximity": [-0.9885367328302328], "acc": [0.0006743088334457181]}