{"val_loss": [0.028405445440632532], "val_mean_squared_error": [0.028405445440632532], "val_mean_absolute_error": [0.12703277897243656], "val_mean_absolute_percentage_error": [42.88339671960547], "val_cosine_proximity": [-0.9999999896553923], "val_acc": [0.008264462809917356], "loss": [0.009268410300369408], "mean_squared_error": [0.009268410300369408], "mean_absolute_error": [0.06875888892748994], "mean_absolute_percentage_error": [338583.11941909563], "cosine_proximity": [-0.9979770630497589], "acc": [0.0]}