{"val_loss": [0.003760885125661975], "val_mean_squared_error": [0.003760885125661975], "val_mean_absolute_error": [0.049893302365768055], "val_mean_absolute_percentage_error": [7.106070412522998], "val_cosine_proximity": [-0.999999981281186], "val_acc": [0.008264462809917356], "loss": [0.002463929145014091], "mean_squared_error": [0.002463929145014091], "mean_absolute_error": [0.029784630121511238], "mean_absolute_percentage_error": [2797.309201109874], "cosine_proximity": [-0.9939312033772227], "acc": [0.0006743088334457181]}