{"val_loss": [0.001883605807954643], "val_mean_squared_error": [0.001883605807954643], "val_mean_absolute_error": [0.042049975871150176], "val_mean_absolute_percentage_error": [6.0397370236355865], "val_cosine_proximity": [-0.9999999823187714], "val_acc": [0.0], "loss": [0.0006438011219558316], "mean_squared_error": [0.0006438011219558316], "mean_absolute_error": [0.013635741876597884], "mean_absolute_percentage_error": [140.36937302771912], "cosine_proximity": [-0.9853953660639497], "acc": [0.0001513431706394249]}