{"val_loss": [0.004387623622124486], "val_mean_squared_error": [0.004387623622124486], "val_mean_absolute_error": [0.049278513208698874], "val_mean_absolute_percentage_error": [10.414412881553506], "val_cosine_proximity": [-0.9999999922714127], "val_acc": [0.0], "loss": [0.002121675260870268], "mean_squared_error": [0.002121675260870268], "mean_absolute_error": [0.028244463160684782], "mean_absolute_percentage_error": [39557.04840293495], "cosine_proximity": [-0.9997729749242961], "acc": [7.567158531971244e-05]}