{"val_loss": [0.002912654829006259], "val_mean_squared_error": [0.002912654829006259], "val_mean_absolute_error": [0.052757995119735376], "val_mean_absolute_percentage_error": [7.540825614094067], "val_cosine_proximity": [-0.9999999813735485], "val_acc": [0.0], "loss": [0.0006069758115694027], "mean_squared_error": [0.0006069758115694027], "mean_absolute_error": [0.012715532865168789], "mean_absolute_percentage_error": [156.06996011504222], "cosine_proximity": [-0.9852440235563358], "acc": [0.0001513431706394249]}